RMSE,MAE,R2,MAPE,Max_Error,Mean_Residual,Std_Residual
1865.4653890919558,1284.2146679648029,0.9940957453877192,1.0170969740327627,5772.446644800686,-319.17121134226574,1874.3570871048892
