Feature,Coefficient
PricePerSqFt,21792.31353999446
SqFt,10135.389350887204
SqFt_Bedrooms,6070.968171384916
Offers,-3660.9576455178735
OffersPerRoom,3419.157753175528
SqFt_Bathrooms,3294.459349124144
Bedrooms,-2525.5081251388656
TotalRooms,-1987.8498972259115
Bathrooms,-436.717661215226
Neighborhood,390.319158416737
BathBedroomRatio,-294.4740382155264
Brick,243.08701815810863
BrickPremium,243.0870181505479
SqFtPerRoom,-2.2475872910815315
